{
  "total_queries": 101,
  "cache_hits": 8,
  "cache_misses": 93,
  "total_response_time": 264.85675829804984,
  "errors": 0,
  "start_time": "2025-09-14T13:54:52.401701",
  "total_input_tokens": 11179,
  "total_output_tokens": 5768,
  "total_tokens": 16947,
  "total_cost_usd": 0.10243382500000002
}