{
  "total_queries": 30,
  "cache_hits": 8,
  "cache_misses": 22,
  "total_response_time": 47.728113298049934,
  "errors": 0,
  "start_time": "2025-09-14T13:54:52.401701"
}